<NFe xmlns="http://www.portalfiscal.inf.br/nfe"><infNFe Id="NFe21210942251100000130550010000000031003019232" versao="4.00"><ide><cUF>21</cUF><cNF>00301923</cNF><natOp>Venda de mercadoria adquirida ou recebida de terceiros</natOp><mod>55</mod><serie>1</serie><nNF>3</nNF><dhEmi>2021-09-29T15:56:12-03:00</dhEmi><dhSaiEnt>2021-09-29T15:56:12-03:00</dhSaiEnt><tpNF>1</tpNF><idDest>1</idDest><cMunFG>2102325</cMunFG><tpImp>1</tpImp><tpEmis>1</tpEmis><cDV>2</cDV><tpAmb>1</tpAmb><finNFe>1</finNFe><indFinal>0</indFinal><indPres>0</indPres><procEmi>0</procEmi><verProc>4.01_b029</verProc></ide><emit><CNPJ>42251100000130</CNPJ><xNome>H DA ANUNCIACAO COSTA</xNome><xFant>SOBRAL SUPERMERCADO</xFant><enderEmit><xLgr>RUA DA LIBERDADE</xLgr><nro>70</nro><xBairro>CENTRO</xBairro><cMun>2102325</cMun><xMun>BURITICUPU</xMun><UF>MA</UF><CEP>65393000</CEP><cPais>1058</cPais><xPais>BRASIL</xPais><fone>98982045631</fone></enderEmit><IE>127005080</IE><CRT>3</CRT></emit><dest><CNPJ>27267387000101</CNPJ><xNome>ARTICULACAO ESTADUAL DAS CASAS FAMILIARES RURAIS DO MARANHA</xNome><enderDest><xLgr>RUA DEPUTADO JOAO HENRIQUE</xLgr><nro>118</nro><xCpl>********</xCpl><xBairro>FATIMA</xBairro><cMun>2111300</cMun><xMun>SAO LUIS</xMun><UF>MA</UF><CEP>65030400</CEP><cPais>1058</cPais><xPais>BRASIL</xPais></enderDest><indIEDest>9</indIEDest></dest><det nItem="1"><prod><cProd>896662</cProd><cEAN>SEM GTIN</cEAN><xProd>ALHO KG</xProd><NCM>07032010</NCM><CFOP>5102</CFOP><uCom>KG</uCom><qCom>2</qCom><vUnCom>21.00</vUnCom><vProd>42.00</vProd><cEANTrib>SEM GTIN</cEANTrib><uTrib>KG</uTrib><qTrib>2</qTrib><vUnTrib>21.00</vUnTrib><indTot>1</indTot></prod><imposto><ICMS><ICMS20><orig>0</orig><CST>20</CST><modBC>3</modBC><pRedBC>33.33</pRedBC><vBC>28.00</vBC><pICMS>18.00</pICMS><vICMS>5.04</vICMS></ICMS20></ICMS><IPI><cEnq>999</cEnq><IPITrib><CST>99</CST><vBC>0.00</vBC><pIPI>0.00</pIPI><vIPI>0.00</vIPI></IPITrib></IPI><PIS><PISOutr><CST>99</CST><vBC>0.00</vBC><pPIS>0.00</pPIS><vPIS>0.00</vPIS></PISOutr></PIS><COFINS><COFINSOutr><CST>99</CST><vBC>0.00</vBC><pCOFINS>0.00</pCOFINS><vCOFINS>0.00</vCOFINS></COFINSOutr></COFINS></imposto></det><det nItem="2"><prod><cProd>0701</cProd><cEAN>SEM GTIN</cEAN><xProd>CEBOLA KG</xProd><NCM>07122000</NCM><CFOP>5102</CFOP><uCom>KG</uCom><qCom>8</qCom><vUnCom>5.00</vUnCom><vProd>40.00</vProd><cEANTrib>SEM GTIN</cEANTrib><uTrib>KG</uTrib><qTrib>8</qTrib><vUnTrib>5.00</vUnTrib><indTot>1</indTot></prod><imposto><ICMS><ICMS20><orig>0</orig><CST>20</CST><modBC>3</modBC><pRedBC>33.33</pRedBC><vBC>26.67</vBC><pICMS>18.00</pICMS><vICMS>4.80</vICMS></ICMS20></ICMS><IPI><cEnq>999</cEnq><IPITrib><CST>99</CST><vBC>0.00</vBC><pIPI>0.00</pIPI><vIPI>0.00</vIPI></IPITrib></IPI><PIS><PISOutr><CST>99</CST><vBC>0.00</vBC><pPIS>0.00</pPIS><vPIS>0.00</vPIS></PISOutr></PIS><COFINS><COFINSOutr><CST>99</CST><vBC>0.00</vBC><pCOFINS>0.00</pCOFINS><vCOFINS>0.00</vCOFINS></COFINSOutr></COFINS></imposto></det><det nItem="3"><prod><cProd>896663</cProd><cEAN>SEM GTIN</cEAN><xProd>EXTRATO TOMATE OLE SACHE 340G</xProd><NCM>20029090</NCM><CFOP>5102</CFOP><uCom>CX</uCom><qCom>3</qCom><vUnCom>48.00</vUnCom><vProd>144.00</vProd><cEANTrib>SEM GTIN</cEANTrib><uTrib>CX</uTrib><qTrib>3</qTrib><vUnTrib>48.00</vUnTrib><indTot>1</indTot></prod><imposto><ICMS><ICMS20><orig>0</orig><CST>20</CST><modBC>3</modBC><pRedBC>33.33</pRedBC><vBC>96.00</vBC><pICMS>18.00</pICMS><vICMS>17.28</vICMS></ICMS20></ICMS><IPI><cEnq>999</cEnq><IPITrib><CST>99</CST><vBC>0.00</vBC><pIPI>0.00</pIPI><vIPI>0.00</vIPI></IPITrib></IPI><PIS><PISOutr><CST>99</CST><vBC>0.00</vBC><pPIS>0.00</pPIS><vPIS>0.00</vPIS></PISOutr></PIS><COFINS><COFINSOutr><CST>99</CST><vBC>0.00</vBC><pCOFINS>0.00</pCOFINS><vCOFINS>0.00</vCOFINS></COFINSOutr></COFINS></imposto></det><det nItem="4"><prod><cProd>896664</cProd><cEAN>SEM GTIN</cEAN><xProd>FRANGO MARINGA CX</xProd><NCM>02071400</NCM><CFOP>5102</CFOP><uCom>CX</uCom><qCom>5</qCom><vUnCom>220.00</vUnCom><vProd>1100.00</vProd><cEANTrib>SEM GTIN</cEANTrib><uTrib>CX</uTrib><qTrib>5</qTrib><vUnTrib>220.00</vUnTrib><indTot>1</indTot></prod><imposto><ICMS><ICMS20><orig>0</orig><CST>20</CST><modBC>3</modBC><pRedBC>33.33</pRedBC><vBC>733.37</vBC><pICMS>18.00</pICMS><vICMS>132.01</vICMS></ICMS20></ICMS><IPI><cEnq>999</cEnq><IPITrib><CST>99</CST><vBC>0.00</vBC><pIPI>0.00</pIPI><vIPI>0.00</vIPI></IPITrib></IPI><PIS><PISOutr><CST>99</CST><vBC>0.00</vBC><pPIS>0.00</pPIS><vPIS>0.00</vPIS></PISOutr></PIS><COFINS><COFINSOutr><CST>99</CST><vBC>0.00</vBC><pCOFINS>0.00</pCOFINS><vCOFINS>0.00</vCOFINS></COFINSOutr></COFINS></imposto></det><det nItem="5"><prod><cProd>896665</cProd><cEAN>SEM GTIN</cEAN><xProd>OLEO DE SOJA ABC 20X900ML</xProd><NCM>15152910</NCM><CFOP>5102</CFOP><uCom>CX</uCom><qCom>3</qCom><vUnCom>170.00</vUnCom><vProd>510.00</vProd><cEANTrib>SEM GTIN</cEANTrib><uTrib>CX</uTrib><qTrib>3</qTrib><vUnTrib>170.00</vUnTrib><indTot>1</indTot></prod><imposto><ICMS><ICMS20><orig>0</orig><CST>20</CST><modBC>3</modBC><pRedBC>33.33</pRedBC><vBC>340.02</vBC><pICMS>18.00</pICMS><vICMS>61.20</vICMS></ICMS20></ICMS><IPI><cEnq>999</cEnq><IPITrib><CST>99</CST><vBC>0.00</vBC><pIPI>0.00</pIPI><vIPI>0.00</vIPI></IPITrib></IPI><PIS><PISOutr><CST>99</CST><vBC>0.00</vBC><pPIS>0.00</pPIS><vPIS>0.00</vPIS></PISOutr></PIS><COFINS><COFINSOutr><CST>99</CST><vBC>0.00</vBC><pCOFINS>0.00</pCOFINS><vCOFINS>0.00</vCOFINS></COFINSOutr></COFINS></imposto></det><det nItem="6"><prod><cProd>896666</cProd><cEAN>SEM GTIN</cEAN><xProd>SARDINHA GOMES COSTA OLEO 50X125G</xProd><NCM>16041310</NCM><CFOP>5102</CFOP><uCom>CX</uCom><qCom>1</qCom><vUnCom>200.00</vUnCom><vProd>200.00</vProd><cEANTrib>SEM GTIN</cEANTrib><uTrib>CX</uTrib><qTrib>1</qTrib><vUnTrib>200.00</vUnTrib><indTot>1</indTot></prod><imposto><ICMS><ICMS20><orig>0</orig><CST>20</CST><modBC>3</modBC><pRedBC>33.33</pRedBC><vBC>133.34</vBC><pICMS>18.00</pICMS><vICMS>24.00</vICMS></ICMS20></ICMS><IPI><cEnq>999</cEnq><IPITrib><CST>99</CST><vBC>0.00</vBC><pIPI>0.00</pIPI><vIPI>0.00</vIPI></IPITrib></IPI><PIS><PISOutr><CST>99</CST><vBC>0.00</vBC><pPIS>0.00</pPIS><vPIS>0.00</vPIS></PISOutr></PIS><COFINS><COFINSOutr><CST>99</CST><vBC>0.00</vBC><pCOFINS>0.00</pCOFINS><vCOFINS>0.00</vCOFINS></COFINSOutr></COFINS></imposto></det><det nItem="7"><prod><cProd>896667</cProd><cEAN>SEM GTIN</cEAN><xProd>MILHO VERDE OLE VD</xProd><NCM>20058000</NCM><CFOP>5102</CFOP><uCom>CX</uCom><qCom>2</qCom><vUnCom>66.00</vUnCom><vProd>132.00</vProd><cEANTrib>SEM GTIN</cEANTrib><uTrib>CX</uTrib><qTrib>2</qTrib><vUnTrib>66.00</vUnTrib><indTot>1</indTot></prod><imposto><ICMS><ICMS20><orig>0</orig><CST>20</CST><modBC>3</modBC><pRedBC>33.33</pRedBC><vBC>88.00</vBC><pICMS>18.00</pICMS><vICMS>15.84</vICMS></ICMS20></ICMS><IPI><cEnq>999</cEnq><IPITrib><CST>99</CST><vBC>0.00</vBC><pIPI>0.00</pIPI><vIPI>0.00</vIPI></IPITrib></IPI><PIS><PISOutr><CST>99</CST><vBC>0.00</vBC><pPIS>0.00</pPIS><vPIS>0.00</vPIS></PISOutr></PIS><COFINS><COFINSOutr><CST>99</CST><vBC>0.00</vBC><pCOFINS>0.00</pCOFINS><vCOFINS>0.00</vCOFINS></COFINSOutr></COFINS></imposto></det><det nItem="8"><prod><cProd>896668</cProd><cEAN>SEM GTIN</cEAN><xProd>FLOCAO DE MILHO 20X500G</xProd><NCM>11041900</NCM><CFOP>5102</CFOP><uCom>FD</uCom><qCom>4</qCom><vUnCom>40.00</vUnCom><vProd>160.00</vProd><cEANTrib>SEM GTIN</cEANTrib><uTrib>FD</uTrib><qTrib>4</qTrib><vUnTrib>40.00</vUnTrib><indTot>1</indTot></prod><imposto><ICMS><ICMS20><orig>0</orig><CST>20</CST><modBC>3</modBC><pRedBC>33.33</pRedBC><vBC>106.67</vBC><pICMS>18.00</pICMS><vICMS>19.20</vICMS></ICMS20></ICMS><IPI><cEnq>999</cEnq><IPITrib><CST>99</CST><vBC>0.00</vBC><pIPI>0.00</pIPI><vIPI>0.00</vIPI></IPITrib></IPI><PIS><PISOutr><CST>99</CST><vBC>0.00</vBC><pPIS>0.00</pPIS><vPIS>0.00</vPIS></PISOutr></PIS><COFINS><COFINSOutr><CST>99</CST><vBC>0.00</vBC><pCOFINS>0.00</pCOFINS><vCOFINS>0.00</vCOFINS></COFINSOutr></COFINS></imposto></det><det nItem="9"><prod><cProd>896669</cProd><cEAN>SEM GTIN</cEAN><xProd>FLOCAO DE ARROZ 20X500G</xProd><NCM>11041900</NCM><CFOP>5102</CFOP><uCom>FD</uCom><qCom>4</qCom><vUnCom>40.00</vUnCom><vProd>160.00</vProd><cEANTrib>SEM GTIN</cEANTrib><uTrib>FD</uTrib><qTrib>4</qTrib><vUnTrib>40.00</vUnTrib><indTot>1</indTot></prod><imposto><ICMS><ICMS20><orig>0</orig><CST>20</CST><modBC>3</modBC><pRedBC>33.33</pRedBC><vBC>106.67</vBC><pICMS>18.00</pICMS><vICMS>19.20</vICMS></ICMS20></ICMS><IPI><cEnq>999</cEnq><IPITrib><CST>99</CST><vBC>0.00</vBC><pIPI>0.00</pIPI><vIPI>0.00</vIPI></IPITrib></IPI><PIS><PISOutr><CST>99</CST><vBC>0.00</vBC><pPIS>0.00</pPIS><vPIS>0.00</vPIS></PISOutr></PIS><COFINS><COFINSOutr><CST>99</CST><vBC>0.00</vBC><pCOFINS>0.00</pCOFINS><vCOFINS>0.00</vCOFINS></COFINSOutr></COFINS></imposto></det><det nItem="10"><prod><cProd>896670</cProd><cEAN>SEM GTIN</cEAN><xProd>MARGARINA DELINE 24X250G</xProd><NCM>15171000</NCM><CFOP>5102</CFOP><uCom>CX</uCom><qCom>2</qCom><vUnCom>72.00</vUnCom><vProd>144.00</vProd><cEANTrib>SEM GTIN</cEANTrib><uTrib>CX</uTrib><qTrib>2</qTrib><vUnTrib>72.00</vUnTrib><indTot>1</indTot></prod><imposto><ICMS><ICMS20><orig>0</orig><CST>20</CST><modBC>3</modBC><pRedBC>33.33</pRedBC><vBC>96.00</vBC><pICMS>18.00</pICMS><vICMS>17.28</vICMS></ICMS20></ICMS><IPI><cEnq>999</cEnq><IPITrib><CST>99</CST><vBC>0.00</vBC><pIPI>0.00</pIPI><vIPI>0.00</vIPI></IPITrib></IPI><PIS><PISOutr><CST>99</CST><vBC>0.00</vBC><pPIS>0.00</pPIS><vPIS>0.00</vPIS></PISOutr></PIS><COFINS><COFINSOutr><CST>99</CST><vBC>0.00</vBC><pCOFINS>0.00</pCOFINS><vCOFINS>0.00</vCOFINS></COFINSOutr></COFINS></imposto></det><det nItem="11"><prod><cProd>896671</cProd><cEAN>SEM GTIN</cEAN><xProd>CAFE MOIDO ALMOFADA MARATA 20X250G</xProd><NCM>09012100</NCM><CFOP>5102</CFOP><uCom>FD</uCom><qCom>2</qCom><vUnCom>110.00</vUnCom><vProd>220.00</vProd><cEANTrib>SEM GTIN</cEANTrib><uTrib>FD</uTrib><qTrib>2</qTrib><vUnTrib>110.00</vUnTrib><indTot>1</indTot></prod><imposto><ICMS><ICMS20><orig>0</orig><CST>20</CST><modBC>3</modBC><pRedBC>33.33</pRedBC><vBC>146.67</vBC><pICMS>18.00</pICMS><vICMS>26.40</vICMS></ICMS20></ICMS><IPI><cEnq>999</cEnq><IPITrib><CST>99</CST><vBC>0.00</vBC><pIPI>0.00</pIPI><vIPI>0.00</vIPI></IPITrib></IPI><PIS><PISOutr><CST>99</CST><vBC>0.00</vBC><pPIS>0.00</pPIS><vPIS>0.00</vPIS></PISOutr></PIS><COFINS><COFINSOutr><CST>99</CST><vBC>0.00</vBC><pCOFINS>0.00</pCOFINS><vCOFINS>0.00</vCOFINS></COFINSOutr></COFINS></imposto></det><det nItem="12"><prod><cProd>896672</cProd><cEAN>SEM GTIN</cEAN><xProd>CARNE BOVINA MACICA</xProd><NCM>02102000</NCM><CFOP>5102</CFOP><uCom>KG</uCom><qCom>34</qCom><vUnCom>36.00</vUnCom><vProd>1224.00</vProd><cEANTrib>SEM GTIN</cEANTrib><uTrib>KG</uTrib><qTrib>34</qTrib><vUnTrib>36.00</vUnTrib><indTot>1</indTot></prod><imposto><ICMS><ICMS20><orig>0</orig><CST>20</CST><modBC>3</modBC><pRedBC>33.33</pRedBC><vBC>816.04</vBC><pICMS>18.00</pICMS><vICMS>146.89</vICMS></ICMS20></ICMS><IPI><cEnq>999</cEnq><IPITrib><CST>99</CST><vBC>0.00</vBC><pIPI>0.00</pIPI><vIPI>0.00</vIPI></IPITrib></IPI><PIS><PISOutr><CST>99</CST><vBC>0.00</vBC><pPIS>0.00</pPIS><vPIS>0.00</vPIS></PISOutr></PIS><COFINS><COFINSOutr><CST>99</CST><vBC>0.00</vBC><pCOFINS>0.00</pCOFINS><vCOFINS>0.00</vCOFINS></COFINSOutr></COFINS></imposto></det><det nItem="13"><prod><cProd>7891700011075</cProd><cEAN>7891700011075</cEAN><xProd>TEMPERO COMPLETO ARISCO 1KG</xProd><NCM>21039021</NCM><CFOP>5102</CFOP><uCom>UN</uCom><qCom>2</qCom><vUnCom>8.00</vUnCom><vProd>16.00</vProd><cEANTrib>7891700011075</cEANTrib><uTrib>UN</uTrib><qTrib>2</qTrib><vUnTrib>8.00</vUnTrib><indTot>1</indTot></prod><imposto><ICMS><ICMS20><orig>0</orig><CST>20</CST><modBC>3</modBC><pRedBC>33.33</pRedBC><vBC>10.67</vBC><pICMS>18.00</pICMS><vICMS>1.92</vICMS></ICMS20></ICMS><IPI><cEnq>999</cEnq><IPITrib><CST>99</CST><vBC>0.00</vBC><pIPI>0.00</pIPI><vIPI>0.00</vIPI></IPITrib></IPI><PIS><PISOutr><CST>99</CST><vBC>0.00</vBC><pPIS>0.00</pPIS><vPIS>0.00</vPIS></PISOutr></PIS><COFINS><COFINSOutr><CST>99</CST><vBC>0.00</vBC><pCOFINS>0.00</pCOFINS><vCOFINS>0.00</vCOFINS></COFINSOutr></COFINS></imposto></det><det nItem="14"><prod><cProd>896673</cProd><cEAN>SEM GTIN</cEAN><xProd>FECULA MANDIOCA DO ZE 20X1KG</xProd><NCM>11081400</NCM><CFOP>5102</CFOP><uCom>FD</uCom><qCom>3</qCom><vUnCom>80.00</vUnCom><vProd>240.00</vProd><cEANTrib>SEM GTIN</cEANTrib><uTrib>FD</uTrib><qTrib>3</qTrib><vUnTrib>80.00</vUnTrib><indTot>1</indTot></prod><imposto><ICMS><ICMS20><orig>0</orig><CST>20</CST><modBC>3</modBC><pRedBC>33.33</pRedBC><vBC>160.01</vBC><pICMS>18.00</pICMS><vICMS>28.80</vICMS></ICMS20></ICMS><IPI><cEnq>999</cEnq><IPITrib><CST>99</CST><vBC>0.00</vBC><pIPI>0.00</pIPI><vIPI>0.00</vIPI></IPITrib></IPI><PIS><PISOutr><CST>99</CST><vBC>0.00</vBC><pPIS>0.00</pPIS><vPIS>0.00</vPIS></PISOutr></PIS><COFINS><COFINSOutr><CST>99</CST><vBC>0.00</vBC><pCOFINS>0.00</pCOFINS><vCOFINS>0.00</vCOFINS></COFINSOutr></COFINS></imposto></det><det nItem="15"><prod><cProd>896674</cProd><cEAN>SEM GTIN</cEAN><xProd>BISCOITO MARIA 20X1</xProd><NCM>19053100</NCM><CEST>1705302</CEST><CFOP>5405</CFOP><uCom>CX</uCom><qCom>3</qCom><vUnCom>100.00</vUnCom><vProd>300.00</vProd><cEANTrib>SEM GTIN</cEANTrib><uTrib>CX</uTrib><qTrib>3</qTrib><vUnTrib>100.00</vUnTrib><indTot>1</indTot></prod><imposto><ICMS><ICMS60><orig>0</orig><CST>60</CST></ICMS60></ICMS><IPI><cEnq>999</cEnq><IPITrib><CST>99</CST><vBC>0.00</vBC><pIPI>0.00</pIPI><vIPI>0.00</vIPI></IPITrib></IPI><PIS><PISOutr><CST>99</CST><vBC>0.00</vBC><pPIS>0.00</pPIS><vPIS>0.00</vPIS></PISOutr></PIS><COFINS><COFINSOutr><CST>99</CST><vBC>0.00</vBC><pCOFINS>0.00</pCOFINS><vCOFINS>0.00</vCOFINS></COFINSOutr></COFINS></imposto></det><det nItem="16"><prod><cProd>896675</cProd><cEAN>SEM GTIN</cEAN><xProd>CREAM CRAKER RICHESTER SUPERIORE 20X400GR</xProd><NCM>19053100</NCM><CEST>1705302</CEST><CFOP>5405</CFOP><uCom>CX</uCom><qCom>2</qCom><vUnCom>100.00</vUnCom><vProd>200.00</vProd><cEANTrib>SEM GTIN</cEANTrib><uTrib>CX</uTrib><qTrib>2</qTrib><vUnTrib>100.00</vUnTrib><indTot>1</indTot></prod><imposto><ICMS><ICMS60><orig>0</orig><CST>60</CST></ICMS60></ICMS><IPI><cEnq>999</cEnq><IPITrib><CST>99</CST><vBC>0.00</vBC><pIPI>0.00</pIPI><vIPI>0.00</vIPI></IPITrib></IPI><PIS><PISOutr><CST>99</CST><vBC>0.00</vBC><pPIS>0.00</pPIS><vPIS>0.00</vPIS></PISOutr></PIS><COFINS><COFINSOutr><CST>99</CST><vBC>0.00</vBC><pCOFINS>0.00</pCOFINS><vCOFINS>0.00</vCOFINS></COFINSOutr></COFINS></imposto></det><det nItem="17"><prod><cProd>0007</cProd><cEAN>SEM GTIN</cEAN><xProd>FARINHA DU PARA BRANCA</xProd><NCM>11051000</NCM><CFOP>5102</CFOP><uCom>KG</uCom><qCom>9</qCom><vUnCom>6.00</vUnCom><vProd>54.00</vProd><cEANTrib>SEM GTIN</cEANTrib><uTrib>KG</uTrib><qTrib>9</qTrib><vUnTrib>6.00</vUnTrib><indTot>1</indTot></prod><imposto><ICMS><ICMS20><orig>0</orig><CST>20</CST><modBC>3</modBC><pRedBC>33.33</pRedBC><vBC>36.00</vBC><pICMS>18.00</pICMS><vICMS>6.48</vICMS></ICMS20></ICMS><IPI><cEnq>999</cEnq><IPITrib><CST>99</CST><vBC>0.00</vBC><pIPI>0.00</pIPI><vIPI>0.00</vIPI></IPITrib></IPI><PIS><PISOutr><CST>99</CST><vBC>0.00</vBC><pPIS>0.00</pPIS><vPIS>0.00</vPIS></PISOutr></PIS><COFINS><COFINSOutr><CST>99</CST><vBC>0.00</vBC><pCOFINS>0.00</pCOFINS><vCOFINS>0.00</vCOFINS></COFINSOutr></COFINS></imposto></det><det nItem="18"><prod><cProd>896676</cProd><cEAN>SEM GTIN</cEAN><xProd>LEITE EM PO CCGL INTEG 50X200G</xProd><NCM>04022110</NCM><CFOP>5102</CFOP><uCom>FD</uCom><qCom>3</qCom><vUnCom>275.00</vUnCom><vProd>825.00</vProd><cEANTrib>SEM GTIN</cEANTrib><uTrib>FD</uTrib><qTrib>3</qTrib><vUnTrib>275.00</vUnTrib><indTot>1</indTot></prod><imposto><ICMS><ICMS20><orig>0</orig><CST>20</CST><modBC>3</modBC><pRedBC>33.33</pRedBC><vBC>550.03</vBC><pICMS>18.00</pICMS><vICMS>99.01</vICMS></ICMS20></ICMS><IPI><cEnq>999</cEnq><IPITrib><CST>99</CST><vBC>0.00</vBC><pIPI>0.00</pIPI><vIPI>0.00</vIPI></IPITrib></IPI><PIS><PISOutr><CST>99</CST><vBC>0.00</vBC><pPIS>0.00</pPIS><vPIS>0.00</vPIS></PISOutr></PIS><COFINS><COFINSOutr><CST>99</CST><vBC>0.00</vBC><pCOFINS>0.00</pCOFINS><vCOFINS>0.00</vCOFINS></COFINSOutr></COFINS></imposto></det><det nItem="19"><prod><cProd>OVOS</cProd><cEAN>SEM GTIN</cEAN><xProd>CARTELA OVOS GALINHA GRANDE</xProd><NCM>04079000</NCM><CFOP>5102</CFOP><uCom>UN</uCom><qCom>1</qCom><vUnCom>14.00</vUnCom><vProd>14.00</vProd><cEANTrib>SEM GTIN</cEANTrib><uTrib>UN</uTrib><qTrib>1</qTrib><vUnTrib>14.00</vUnTrib><indTot>1</indTot></prod><imposto><ICMS><ICMS20><orig>0</orig><CST>20</CST><modBC>3</modBC><pRedBC>33.33</pRedBC><vBC>9.33</vBC><pICMS>18.00</pICMS><vICMS>1.68</vICMS></ICMS20></ICMS><IPI><cEnq>999</cEnq><IPITrib><CST>99</CST><vBC>0.00</vBC><pIPI>0.00</pIPI><vIPI>0.00</vIPI></IPITrib></IPI><PIS><PISOutr><CST>99</CST><vBC>0.00</vBC><pPIS>0.00</pPIS><vPIS>0.00</vPIS></PISOutr></PIS><COFINS><COFINSOutr><CST>99</CST><vBC>0.00</vBC><pCOFINS>0.00</pCOFINS><vCOFINS>0.00</vCOFINS></COFINSOutr></COFINS></imposto></det><det nItem="20"><prod><cProd>896678</cProd><cEAN>SEM GTIN</cEAN><xProd>VINAGRE MARATA ALCOOL 12X500ML</xProd><NCM>22090000</NCM><CFOP>5102</CFOP><uCom>CX</uCom><qCom>2</qCom><vUnCom>24.00</vUnCom><vProd>48.00</vProd><cEANTrib>SEM GTIN</cEANTrib><uTrib>CX</uTrib><qTrib>2</qTrib><vUnTrib>24.00</vUnTrib><indTot>1</indTot></prod><imposto><ICMS><ICMS20><orig>0</orig><CST>20</CST><modBC>3</modBC><pRedBC>33.33</pRedBC><vBC>32.00</vBC><pICMS>18.00</pICMS><vICMS>5.76</vICMS></ICMS20></ICMS><IPI><cEnq>999</cEnq><IPITrib><CST>99</CST><vBC>0.00</vBC><pIPI>0.00</pIPI><vIPI>0.00</vIPI></IPITrib></IPI><PIS><PISOutr><CST>99</CST><vBC>0.00</vBC><pPIS>0.00</pPIS><vPIS>0.00</vPIS></PISOutr></PIS><COFINS><COFINSOutr><CST>99</CST><vBC>0.00</vBC><pCOFINS>0.00</pCOFINS><vCOFINS>0.00</vCOFINS></COFINSOutr></COFINS></imposto></det><det nItem="21"><prod><cProd>896679</cProd><cEAN>SEM GTIN</cEAN><xProd>MACARRAO GALO AZUL ESPAG 8 10X500G</xProd><NCM>19021900</NCM><CEST>1704800</CEST><CFOP>5405</CFOP><uCom>FD</uCom><qCom>4</qCom><vUnCom>30.00</vUnCom><vProd>120.00</vProd><cEANTrib>SEM GTIN</cEANTrib><uTrib>FD</uTrib><qTrib>4</qTrib><vUnTrib>30.00</vUnTrib><indTot>1</indTot></prod><imposto><ICMS><ICMS60><orig>0</orig><CST>60</CST></ICMS60></ICMS><IPI><cEnq>999</cEnq><IPITrib><CST>99</CST><vBC>0.00</vBC><pIPI>0.00</pIPI><vIPI>0.00</vIPI></IPITrib></IPI><PIS><PISOutr><CST>99</CST><vBC>0.00</vBC><pPIS>0.00</pPIS><vPIS>0.00</vPIS></PISOutr></PIS><COFINS><COFINSOutr><CST>99</CST><vBC>0.00</vBC><pCOFINS>0.00</pCOFINS><vCOFINS>0.00</vCOFINS></COFINSOutr></COFINS></imposto></det><det nItem="22"><prod><cProd>07892020200231</cProd><cEAN>07892020200231</cEAN><xProd>FARDO TRIGO ROSA BRANCA C/FERMENTO</xProd><NCM>11010010</NCM><CEST>1704400</CEST><CFOP>5405</CFOP><uCom>FD</uCom><qCom>2</qCom><vUnCom>45.00</vUnCom><vProd>90.00</vProd><cEANTrib>07892020200231</cEANTrib><uTrib>FD</uTrib><qTrib>2</qTrib><vUnTrib>45.00</vUnTrib><indTot>1</indTot></prod><imposto><ICMS><ICMS60><orig>0</orig><CST>60</CST></ICMS60></ICMS><IPI><cEnq>999</cEnq><IPITrib><CST>99</CST><vBC>0.00</vBC><pIPI>0.00</pIPI><vIPI>0.00</vIPI></IPITrib></IPI><PIS><PISOutr><CST>99</CST><vBC>0.00</vBC><pPIS>0.00</pPIS><vPIS>0.00</vPIS></PISOutr></PIS><COFINS><COFINSOutr><CST>99</CST><vBC>0.00</vBC><pCOFINS>0.00</pCOFINS><vCOFINS>0.00</vCOFINS></COFINSOutr></COFINS></imposto></det><det nItem="23"><prod><cProd>07892020200194</cProd><cEAN>07892020200194</cEAN><xProd>FARDO TRIGO ROSA BRANCA S/FERMENTO</xProd><NCM>11010010</NCM><CEST>1704400</CEST><CFOP>5405</CFOP><uCom>UN</uCom><qCom>2</qCom><vUnCom>45.00</vUnCom><vProd>90.00</vProd><cEANTrib>07892020200194</cEANTrib><uTrib>UN</uTrib><qTrib>2</qTrib><vUnTrib>45.00</vUnTrib><indTot>1</indTot></prod><imposto><ICMS><ICMS60><orig>0</orig><CST>60</CST></ICMS60></ICMS><IPI><cEnq>999</cEnq><IPITrib><CST>99</CST><vBC>0.00</vBC><pIPI>0.00</pIPI><vIPI>0.00</vIPI></IPITrib></IPI><PIS><PISOutr><CST>99</CST><vBC>0.00</vBC><pPIS>0.00</pPIS><vPIS>0.00</vPIS></PISOutr></PIS><COFINS><COFINSOutr><CST>99</CST><vBC>0.00</vBC><pCOFINS>0.00</pCOFINS><vCOFINS>0.00</vCOFINS></COFINSOutr></COFINS></imposto></det><det nItem="24"><prod><cProd>896682</cProd><cEAN>SEM GTIN</cEAN><xProd>ACUCAR BRANCA DE NEVE 30X1</xProd><NCM>17011300</NCM><CFOP>5102</CFOP><uCom>FD</uCom><qCom>3</qCom><vUnCom>105.00</vUnCom><vProd>315.00</vProd><cEANTrib>SEM GTIN</cEANTrib><uTrib>FD</uTrib><qTrib>3</qTrib><vUnTrib>105.00</vUnTrib><indTot>1</indTot></prod><imposto><ICMS><ICMS20><orig>0</orig><CST>20</CST><modBC>3</modBC><pRedBC>33.33</pRedBC><vBC>210.01</vBC><pICMS>18.00</pICMS><vICMS>37.80</vICMS></ICMS20></ICMS><IPI><cEnq>999</cEnq><IPITrib><CST>99</CST><vBC>0.00</vBC><pIPI>0.00</pIPI><vIPI>0.00</vIPI></IPITrib></IPI><PIS><PISOutr><CST>99</CST><vBC>0.00</vBC><pPIS>0.00</pPIS><vPIS>0.00</vPIS></PISOutr></PIS><COFINS><COFINSOutr><CST>99</CST><vBC>0.00</vBC><pCOFINS>0.00</pCOFINS><vCOFINS>0.00</vCOFINS></COFINSOutr></COFINS></imposto></det><det nItem="25"><prod><cProd>07899932800252</cProd><cEAN>07899932800252</cEAN><xProd>FARDO ARROZ DOURA/BUTUI TIPO 1</xProd><NCM>10063021</NCM><CFOP>5102</CFOP><uCom>UN</uCom><qCom>6</qCom><vUnCom>140.00</vUnCom><vProd>840.00</vProd><cEANTrib>07899932800252</cEANTrib><uTrib>UN</uTrib><qTrib>6</qTrib><vUnTrib>140.00</vUnTrib><indTot>1</indTot></prod><imposto><ICMS><ICMS20><orig>0</orig><CST>20</CST><modBC>3</modBC><pRedBC>33.33</pRedBC><vBC>560.03</vBC><pICMS>18.00</pICMS><vICMS>100.81</vICMS></ICMS20></ICMS><IPI><cEnq>999</cEnq><IPITrib><CST>99</CST><vBC>0.00</vBC><pIPI>0.00</pIPI><vIPI>0.00</vIPI></IPITrib></IPI><PIS><PISOutr><CST>99</CST><vBC>0.00</vBC><pPIS>0.00</pPIS><vPIS>0.00</vPIS></PISOutr></PIS><COFINS><COFINSOutr><CST>99</CST><vBC>0.00</vBC><pCOFINS>0.00</pCOFINS><vCOFINS>0.00</vCOFINS></COFINSOutr></COFINS></imposto></det><det nItem="26"><prod><cProd>0702</cProd><cEAN>SEM GTIN</cEAN><xProd>TOMATE SALADA</xProd><NCM>07020000</NCM><CFOP>5102</CFOP><uCom>KG</uCom><qCom>5</qCom><vUnCom>5.00</vUnCom><vProd>25.00</vProd><cEANTrib>SEM GTIN</cEANTrib><uTrib>KG</uTrib><qTrib>5</qTrib><vUnTrib>5.00</vUnTrib><indTot>1</indTot></prod><imposto><ICMS><ICMS20><orig>0</orig><CST>20</CST><modBC>3</modBC><pRedBC>33.33</pRedBC><vBC>16.67</vBC><pICMS>18.00</pICMS><vICMS>3.00</vICMS></ICMS20></ICMS><IPI><cEnq>999</cEnq><IPITrib><CST>99</CST><vBC>0.00</vBC><pIPI>0.00</pIPI><vIPI>0.00</vIPI></IPITrib></IPI><PIS><PISOutr><CST>99</CST><vBC>0.00</vBC><pPIS>0.00</pPIS><vPIS>0.00</vPIS></PISOutr></PIS><COFINS><COFINSOutr><CST>99</CST><vBC>0.00</vBC><pCOFINS>0.00</pCOFINS><vCOFINS>0.00</vCOFINS></COFINSOutr></COFINS></imposto></det><total><ICMSTot><vBC>4302.20</vBC><vICMS>774.40</vICMS><vICMSDeson>0.00</vICMSDeson><vFCP>0.00</vFCP><vBCST>0.00</vBCST><vST>0.00</vST><vFCPST>0.00</vFCPST><vFCPSTRet>0.00</vFCPSTRet><vProd>7253.00</vProd><vFrete>0.00</vFrete><vSeg>0.00</vSeg><vDesc>0.00</vDesc><vII>0.00</vII><vIPI>0.00</vIPI><vIPIDevol>0.00</vIPIDevol><vPIS>0.00</vPIS><vCOFINS>0.00</vCOFINS><vOutro>0.00</vOutro><vNF>7253.00</vNF></ICMSTot></total><transp><modFrete>9</modFrete></transp><pag><detPag><indPag>0</indPag><tPag>18</tPag><vPag>7253.00</vPag></detPag></pag><infRespTec><CNPJ>06022681000175</CNPJ><xContato>Vinicius Veras dos Santos</xContato><email>dfe@vvssistemas.com.br</email><fone>2134059500</fone></infRespTec></infNFe></NFe>